{
  "project_info": {
    "project_number": "84010113141",
    "firebase_url": "https://dinnerystem-ios.firebaseio.com",
    "project_id": "dinnerystem-ios",
    "storage_bucket": "dinnerystem-ios.appspot.com"
  },
  "client": [
    {
      "client_info": {
        "mobilesdk_app_id": "1:84010113141:android:c31643046272b6a6",
        "android_client_info": {
          "package_name": "seanpai.dinnersystem"
        }
      },
      "oauth_client": [
        {
          "client_id": "84010113141-0isv0s49sv3d46v42k4ulluh7p218sp3.apps.googleusercontent.com",
          "client_type": 3
        }
      ],
      "api_key": [
        {
          "current_key": "AIzaSyDJcfPufZ2P3AjnP2ugSOqGxQYddnTfPU8"
        }
      ],
      "services": {
        "analytics_service": {
          "status": 1
        },
        "appinvite_service": {
          "status": 1,
          "other_platform_oauth_client": []
        },
        "ads_service": {
          "status": 2
        }
      }
    }
  ],
  "configuration_version": "1"
}